                  epoch,             train/loss,  metrics/accuracy_top1,  metrics/accuracy_top5,               val/loss,                 lr/pg0,                 lr/pg1,                 lr/pg2
                      1,                 1.4342,                 0.2183,                0.89804,                 1.7756,             0.00023782,             0.00023782,             0.00023782
                      2,                   1.24,                0.19477,                0.83007,                 1.7843,             0.00038161,             0.00038161,             0.00038161
                      3,                 1.1752,                0.21699,                0.80392,                 1.7823,             0.00043115,             0.00043115,             0.00043115
                      4,                 1.1245,                0.21699,                0.78824,                 1.7755,             0.00028988,             0.00028988,             0.00028988
                      5,                 1.0921,                0.23791,                0.78693,                 1.7716,             0.00028988,             0.00028988,             0.00028988
