                  epoch,             train/loss,  metrics/accuracy_top1,  metrics/accuracy_top5,               val/loss,                 lr/pg0,                 lr/pg1,                 lr/pg2
                      1,                 1.3705,                0.43922,                      1,                  1.306,             0.00023782,             0.00023782,             0.00023782
                      2,                 1.2361,                0.48889,                      1,                 1.2737,              0.0004664,              0.0004664,              0.0004664
