                  epoch,         train/box_loss,         train/cls_loss,         train/dfl_loss,   metrics/precision(B),      metrics/recall(B),       metrics/mAP50(B),    metrics/mAP50-95(B),           val/box_loss,           val/cls_loss,           val/dfl_loss,                 lr/pg0,                 lr/pg1,                 lr/pg2
                      1,                0.74849,                 1.0738,                 1.2553,                0.68685,                0.82682,                0.83004,                0.61943,                 0.9162,                 1.9816,                 1.5127,             0.00066391,             0.00066391,             0.00066391
                      2,                0.80322,                0.77827,                 1.2615,                0.89863,                 0.8419,                0.93441,                0.73253,                 0.8083,                0.77961,                 1.3555,              0.0010671,              0.0010671,              0.0010671
                      3,                0.76529,                0.70527,                 1.2354,                0.92178,                0.97765,                0.97658,                0.81546,                 0.6609,                0.52051,                  1.217,              0.0012063,              0.0012063,              0.0012063
                      4,                0.65995,                0.59107,                 1.1643,                0.95465,                0.98324,                0.98208,                0.88295,                0.50807,                0.43496,                 1.0766,               0.000812,               0.000812,               0.000812
                      5,                0.61204,                0.52933,                 1.1248,                0.94303,                0.97207,                0.98015,                0.87631,                0.46776,                 0.4192,                 1.0424,               0.000812,               0.000812,               0.000812
